<?xml version="1.0" encoding="utf-8"?>
<ArrayOfString xmlns:xsi="http://www.w3.org/2001/XMLSchema-instance" xmlns:xsd="http://www.w3.org/2001/XMLSchema" xmlns="http://WebXml.com.cn/">
  <string>吉林 长春</string>
  <string>长春</string>
  <string>650</string>
  <string>2016/12/01 10:44:48</string>
  <string>今日天气实况：气温：-7℃；风向/风力：西北风 3级；湿度：69%</string>
  <string>紫外线强度：最弱。空气质量：良。</string>
  <string>紫外线指数：最弱，辐射弱，涂擦SPF8-12防晒护肤品。
感冒指数：少发，无明显降温，感冒机率较低。
穿衣指数：寒冷，建议着厚羽绒服等隆冬服装。
洗车指数：较适宜，无雨且风力较小，易保持清洁度。
运动指数：较不宜，天气寒冷，推荐您进行室内运动。
空气污染指数：良，气象条件有利于空气污染物扩散。
</string>
  <string>12月1日 多云转晴</string>
  <string>-8℃/-4℃</string>
  <string>西风转西南风3-4级</string>
  <string>1.gif</string>
  <string>0.gif</string>
  <string>12月2日 晴</string>
  <string>-5℃/1℃</string>
  <string>西南风3-4级转4-5级</string>
  <string>0.gif</string>
  <string>0.gif</string>
  <string>12月3日 晴转多云</string>
  <string>-2℃/5℃</string>
  <string>西南风3-4级转4-5级</string>
  <string>0.gif</string>
  <string>1.gif</string>
  <string>12月4日 多云</string>
  <string>-11℃/2℃</string>
  <string>西南风4-5级转西北风3-4级</string>
  <string>1.gif</string>
  <string>1.gif</string>
  <string>12月5日 晴</string>
  <string>-13℃/-7℃</string>
  <string>西北风3-4级转微风</string>
  <string>0.gif</string>
  <string>0.gif</string>
  <string>12月6日 晴转多云</string>
  <string>-13℃/-4℃</string>
  <string>西北风微风转西南风3-4级</string>
  <string>0.gif</string>
  <string>1.gif</string>
  <string>12月7日 多云转晴</string>
  <string>-10℃/-6℃</string>
  <string>西南风3-4级</string>
  <string>1.gif</string>
  <string>0.gif</string>
</ArrayOfString>