<?xml version="1.0" encoding="utf-8"?>
<weather>
<city_name>长春</city_name>
<today_conditions>
<condition data="多云" weather_type="1" icon_uri=""/> 
<temp_c low="-8" high="-4" now="-7"/>
<forecast_date data="2016-12-01"/>
<current_date_time data="2016/12/01 10:44:48"/>
<humidity data="69%"/>
<wind_condition direction="西北风 3级" power=""/>
<washcar_condition data="" desc=""/>
</today_conditions>
<tomorrow_conditions>
<condition data="晴" weather_type="0" icon_uri=""/>
<temp_c low="-5" high="1"/> 
<wind_condition direction="西南风3-4级转4-5级" power=""/> 
<washcar_condition data="" desc=""/>
</tomorrow_conditions>
<after_tomorrow_conditions>
<condition data="晴转多云" weather_type="0" icon_uri=""/>
<temp_c low="-2" high="5"/>
<wind_condition direction="西南风3-4级转4-5级" power=""/>
<washcar_condition data="" desc=""/>
</after_tomorrow_conditions>
</weather>