<?xml version="1.0" encoding="utf-8"?>
<ArrayOfString xmlns:xsi="http://www.w3.org/2001/XMLSchema-instance" xmlns:xsd="http://www.w3.org/2001/XMLSchema" xmlns="http://WebXml.com.cn/">
  <string>直辖市 北京</string>
  <string>北京</string>
  <string>792</string>
  <string>2016/12/01 10:38:11</string>
  <string>今日天气实况：气温：7℃；风向/风力：东北风 2级；湿度：21%</string>
  <string>紫外线强度：中等。空气质量：中。</string>
  <string>紫外线指数：中等，涂擦SPF大于15、PA+防晒护肤品。
感冒指数：易发，昼夜温差很大，注意预防感冒。
穿衣指数：较冷，建议着厚外套加毛衣等服装。
洗车指数：较适宜，无雨且风力较小，易保持清洁度。
运动指数：较不宜，推荐您进行各种室内运动。
空气污染指数：中，易感人群应适当减少室外活动。
</string>
  <string>12月1日 晴转晴</string>
  <string>-4℃/9℃</string>
  <string>无持续风向微风</string>
  <string>0.gif</string>
  <string>0.gif</string>
  <string>12月2日 晴转多云</string>
  <string>-4℃/7℃</string>
  <string>无持续风向微风</string>
  <string>0.gif</string>
  <string>1.gif</string>
  <string>12月3日 霾</string>
  <string>-2℃/7℃</string>
  <string>无持续风向微风</string>
  <string>18.gif</string>
  <string>18.gif</string>
  <string>12月4日 霾</string>
  <string>-1℃/8℃</string>
  <string>无持续风向微风</string>
  <string>18.gif</string>
  <string>18.gif</string>
  <string>12月5日 多云转晴</string>
  <string>-4℃/6℃</string>
  <string>北风3-4级转无持续风向微风</string>
  <string>1.gif</string>
  <string>0.gif</string>
  <string>12月6日 晴</string>
  <string>-3℃/5℃</string>
  <string>无持续风向微风转北风3-4级</string>
  <string>0.gif</string>
  <string>0.gif</string>
  <string>12月7日 晴转多云</string>
  <string>-4℃/7℃</string>
  <string>北风3-4级转无持续风向微风</string>
  <string>0.gif</string>
  <string>1.gif</string>
</ArrayOfString>