<?xml version="1.0" encoding="utf-8"?>
<weather>
<city_name>北京</city_name>
<today_conditions>
<condition data="晴" weather_type="0" icon_uri=""/> 
<temp_c low="-4" high="9" now="7"/>
<forecast_date data="2016-12-01"/>
<current_date_time data="2016/12/01 10:38:11"/>
<humidity data="21%"/>
<wind_condition direction="东北风 2级" power=""/>
<washcar_condition data="" desc=""/>
</today_conditions>
<tomorrow_conditions>
<condition data="晴转多云" weather_type="0" icon_uri=""/>
<temp_c low="-4" high="7"/> 
<wind_condition direction="无持续风向微风" power=""/> 
<washcar_condition data="" desc=""/>
</tomorrow_conditions>
<after_tomorrow_conditions>
<condition data="霾" weather_type="18" icon_uri=""/>
<temp_c low="-2" high="7"/>
<wind_condition direction="无持续风向微风" power=""/>
<washcar_condition data="" desc=""/>
</after_tomorrow_conditions>
</weather>