<?xml version="1.0" encoding="utf-8"?>
<ArrayOfString xmlns:xsi="http://www.w3.org/2001/XMLSchema-instance" xmlns:xsd="http://www.w3.org/2001/XMLSchema" xmlns="http://WebXml.com.cn/">
  <string>黑龙江 鸡西</string>
  <string>密山</string>
  <string>132</string>
  <string>2016/12/01 10:38:24</string>
  <string>今日天气实况：气温：-2℃；风向/风力：东南风 3级；湿度：82%</string>
  <string>紫外线强度：最弱。空气质量：良。</string>
  <string>紫外线指数：最弱，辐射弱，涂擦SPF8-12防晒护肤品。
感冒指数：极易发，天气寒冷，温差极大风力较强，易感冒。
穿衣指数：寒冷，建议着厚羽绒服等隆冬服装。
洗车指数：不宜，有雪，雪水和泥水会弄脏爱车。
运动指数：较不宜，有降雪，请您在室内进行低强度运动。
空气污染指数：良，气象条件有利于空气污染物扩散。
</string>
  <string>12月1日 阵雪转多云</string>
  <string>-11℃/-4℃</string>
  <string>西北风4-5级</string>
  <string>13.gif</string>
  <string>1.gif</string>
  <string>12月2日 晴</string>
  <string>-10℃/-3℃</string>
  <string>西北风4-5级转西风3-4级</string>
  <string>0.gif</string>
  <string>0.gif</string>
  <string>12月3日 晴转多云</string>
  <string>-6℃/2℃</string>
  <string>西风3-4级</string>
  <string>0.gif</string>
  <string>1.gif</string>
  <string>12月4日 多云</string>
  <string>-11℃/1℃</string>
  <string>西风微风转西北风4-5级</string>
  <string>1.gif</string>
  <string>1.gif</string>
  <string>12月5日 多云</string>
  <string>-17℃/-6℃</string>
  <string>西北风微风转西风3-4级</string>
  <string>1.gif</string>
  <string>1.gif</string>
  <string>12月6日 多云</string>
  <string>-21℃/-10℃</string>
  <string>西风3-4级</string>
  <string>1.gif</string>
  <string>1.gif</string>
  <string>12月7日 多云</string>
  <string>-23℃/-12℃</string>
  <string>西北风3-4级转微风</string>
  <string>1.gif</string>
  <string>1.gif</string>
</ArrayOfString>