<?xml version="1.0" encoding="utf-8"?>
<weather>
<city_name>密山</city_name>
<today_conditions>
<condition data="阵雪" weather_type="13" icon_uri=""/> 
<temp_c low="-11" high="-4" now="-2"/>
<forecast_date data="2016-12-01"/>
<current_date_time data="2016/12/01 10:38:24"/>
<humidity data="82%"/>
<wind_condition direction="东南风 3级" power=""/>
<washcar_condition data="" desc=""/>
</today_conditions>
<tomorrow_conditions>
<condition data="晴" weather_type="0" icon_uri=""/>
<temp_c low="-10" high="-3"/> 
<wind_condition direction="西北风4-5级转西风3-4级" power=""/> 
<washcar_condition data="" desc=""/>
</tomorrow_conditions>
<after_tomorrow_conditions>
<condition data="晴转多云" weather_type="0" icon_uri=""/>
<temp_c low="-6" high="2"/>
<wind_condition direction="西风3-4级" power=""/>
<washcar_condition data="" desc=""/>
</after_tomorrow_conditions>
</weather>